Name,Position,Website
Alberto Abadie,Professor of Economics,https://economics.mit.edu/people/faculty/alberto-abadie
Daron Acemoglu,Institute Professor,https://economics.mit.edu/people/faculty/daron-acemoglu
Nikhil Agarwal,Paul A. Samuelson Professor of Economics,https://economics.mit.edu/people/faculty/nikhil-agarwal
Isaiah Andrews,Charles E. and Susan T. Harris Professor of Economics,https://economics.mit.edu/people/faculty/isaiah-andrews
Josh Angrist,Ford Professor of Economics,https://economics.mit.edu/people/faculty/josh-angrist
David Atkin,Barton L. Weller (1940) Professor of Economics,https://economics.mit.edu/people/faculty/david-atkin
David H. Autor,"Daniel (1972) and Gail Rubinfeld Professor, Margaret MacVicar Faculty Fellow, Google Technology and Society Visiting Fellow",https://economics.mit.edu/people/faculty/david-h-autor
Ian Ball,Gary Loveman Career Development Assistant Professor of Economics,https://economics.mit.edu/people/faculty/ian-ball
Abhijit Banerjee,Ford Foundation International Professor of Economics,https://economics.mit.edu/people/faculty/abhijit-banerjee
Olivier Blanchard,"Robert M. Solow Professor of Economics, Emeritus",https://economics.mit.edu/people/faculty/olivier-blanchard
Ricardo Caballero,Ford International Professor of Economics,https://economics.mit.edu/people/faculty/ricardo-caballero
Victor Chernozhukov,Ford International Professor of Economics,https://economics.mit.edu/people/faculty/victor-chernozhukov
Arnaud Costinot,Ford Professor of Economics,https://economics.mit.edu/people/faculty/arnaud-costinot
Peter Diamond,"Institute Professor and Professor of Economics, Emeritus",https://economics.mit.edu/people/faculty/peter-diamond
Dave Donaldson,Class of 1949 Professor of Economics,https://economics.mit.edu/people/faculty/dave-donaldson
Esther Duflo,Abdul Latif Jameel Professor of Poverty Alleviation and Development Economics,https://economics.mit.edu/people/faculty/esther-duflo
Sara Fisher Ellison,Senior Lecturer in Economics,https://economics.mit.edu/people/faculty/sara-fisher-ellison
Glenn Ellison,Gregory K. Palm (1970) Professor of Economics,https://economics.mit.edu/people/faculty/glenn-ellison
Amy Finkelstein,John & Jennie S. MacDonald Professor of Economics,https://economics.mit.edu/people/faculty/amy-finkelstein
Drew Fudenberg,Paul A. Samuelson Professor of Economics,https://economics.mit.edu/people/faculty/drew-fudenberg
Robert Gibbons,Sloan Distinguished Professor of Management and Professor of Applied Economics,https://economics.mit.edu/people/faculty/robert-gibbons
Jonathan Gruber,"Ford Professor of Economics; Department Head",https://economics.mit.edu/people/faculty/jonathan-gruber
Jeffrey Harris,"Professor of Economics, Emeritus",https://economics.mit.edu/people/faculty/jeffrey-e-harris
Jerry Hausman,John & Jennie S. MacDonald Professor of Economics,https://economics.mit.edu/people/faculty/jerry-hausman
Nathaniel Hendren,Ford Professor of Economics,https://economics.mit.edu/people/faculty/nathaniel-hendren
Bengt Holmström,"Paul A. Samuelson Professor of Economics, Emeritus",https://economics.mit.edu/people/faculty/bengt-holmstrom
Paul L. Joskow,"Elizabeth & James Killian Professor of Economics, Emeritus",https://economics.mit.edu/people/faculty/paul-l-joskow
Anna Mikusheva,Edward A. Abdun-Nur (1924) Professor of Economics,https://economics.mit.edu/people/faculty/anna-mikusheva
Stephen Morris,Peter A. Diamond Professor of Economics,https://economics.mit.edu/people/faculty/stephen-morris
Jacob Moscona,3M Career Development Assistant Professor of Economics,https://economics.mit.edu/people/faculty/jacob-moscona
Sendhil Mullainathan,Professor of Economics and Peter de Florez Professor of EECS,https://economics.mit.edu/people/faculty/sendhil-mullainathan
Whitney Newey,"Ford Professor of Economics, Emeritus",https://economics.mit.edu/people/faculty/whitney-newey
Benjamin Olken,TEPCO Professor of Economics,https://economics.mit.edu/people/faculty/benjamin-olken
Parag Pathak,Class of 1922 Professor of Economics,https://economics.mit.edu/people/faculty/parag-pathak
Michael J. Piore,"David W. Skinner Professor of Political Economy, Emeritus",https://economics.mit.edu/people/faculty/michael-j-piore
James Poterba,Mitsui Professor of Economics,https://economics.mit.edu/people/faculty/james-poterba
Drazen Prelec,Professor of Management Science and Economics,https://economics.mit.edu/people/faculty/drazen-prelec
Ashesh Rambachan,Silverman (1968) Family Career Development Assistant Professor of Economics,https://economics.mit.edu/people/faculty/ashesh-rambachan
Nancy L. Rose,Charles P. Kindleberger Professor of Applied Economics,https://economics.mit.edu/people/faculty/nancy-l-rose
Nina Roussille,Gordon K. Lister and Donald K. Lister Career Development Assistant Professor of Economics,https://economics.mit.edu/people/faculty/nina-roussille
Tobias Salz,Castle Krob Career Development Associate Professor of Economics,https://economics.mit.edu/people/faculty/tobias-salz
Frank Schilbach,"Associate Professor of Economics, Margaret MacVicar Faculty Fellow",https://economics.mit.edu/people/faculty/frank-schilbach
Richard Schmalensee,"Professor of Economics and Management Emeritus; Dean Emeritus, MIT Sloan School of Management",https://economics.mit.edu/people/faculty/richard-schmalensee
Robert M. Townsend,Elizabeth & James Killian Professor of Economics,https://economics.mit.edu/people/faculty/robert-m-townsend
Iván Werning,Robert M. Solow Professor of Economics,https://economics.mit.edu/people/faculty/ivan-werning
William C. Wheaton,Professor Emeritus of Economics and Urban Studies,https://economics.mit.edu/people/faculty/william-c-wheaton
Michael Whinston,Professor of Economics and Sloan Fellows Professor of Management,https://economics.mit.edu/people/faculty/michael-whinston
Christian Wolf,Rudi Dornbusch Career Development Assistant Professor of Economics,https://economics.mit.edu/people/faculty/christian-wolf
Alexander Wolitzky,Jane Berkowitz Carlton and Dennis William Carlton Professor of Microeconomics,https://economics.mit.edu/people/faculty/alexander-wolitzky
Muhamet Yildiz,Professor of Economics,https://economics.mit.edu/people/faculty/muhamet-yildiz
